Complex id;Complex name;Synonyms;organism;subunits (UniProt IDs);subunits (Entrez IDs);protein complex purification method;PubMed id;FunCat categories;"functional comment";"disease comment";"subunit comment";
10;13S condensin complex;;Human;Q15021,Q9BPX3,Q15003,O95347,Q9NTJ3;9918,64151,23397,10592,10051;MI:0004- affinity chromatography technologies | MI:0019- coimmunoprecipitation;11136719;10.03.01.01.11,10.03.04.03,10.03.04.05,42.10.03,70.10.03;"";"";"";
27;Arp2/3 protein complex;;Human;P61160,P61158,O15143,O15144,O15145,P59998,O15511;10097,10096,10095,10109,10094,10093,10092;MI:0027- cosedimentation | MI:0071- molecular sieving;9359840;16.01,42.04.03,70.03;"";"";"";
32;PA700 complex; 19S complex;Human;P62191,P35998,P17980,P43686,P62195,P62333,Q99460,O75832,O00231,O00232,Q9UNM6,O00487,Q13200,O43242,P55036,Q16401,Q15008,P51665,P48556,O00233;5700,5701,5702,5704,5705,5706,5707,5716,5717,5718,5719,10213,5708,5709,5710,5711,9861,5713,5714,5715;MI:0226- ion exchange chromatography | MI:0071- molecular sieving;9148964;14.13.01.01,16.01,18.01.07,18.02.01.01.03,70.03;"The proteasome is an essential component of the ATP-dependent proteolytic pathway in eukaryotic cells and is responsible for the degradation of most cellular proteins (for reviews see PMID:8811196 and PMID:10872471). It contains a barrel-shaped proteolytic core complex (the 20S proteasome), and is capped at one or both ends by regulatory complexes like the 19S complex (PMID:11812135), modulator (PMID:8621709), PA28 (PMID:9325261) and PA28gamma (PMID:9325261). Interferon-gamma (IFN-gamma) alters the peptide-degrading specificity of proteasomes and produces an immunoproteasome responsible for accelerated processing of nonself endogenous antigens by inducing the replacement of subunits Psmb5, Psmb6 and Psmb7 by Psmb8, Psmb9 and Psmb10, respectively.";"";"";
33;Prefoldin;;Human;O60925,Q9UHV9,Q9NQP4,Q99471,O15212,P61758;5201,5202,5203,5204,10471,7411;MI:0071- molecular sieving;14634002;14.01,16.01,42.04.03,42.04.05,70.03;"";"";"";
49;DNMT3B complex;;Human;Q9UBC3,Q13547,O95239,Q96ST3,O60264,O95347,Q9NTJ3;1789,3065,24137,25942,8467,10592,10051;MI:0019- coimmunoprecipitation;15148359;10.01.09.01,10.01.09.05,10.03.01.01.11,10.03.04.05,42.10.03,70.10.03;"";"";"";
86;NUMAC complex (nucleosomal methylation activator complex); CARM1-associated complex;Human;P60709,O14497,Q86X55,Q96KG9,P51532,Q12824,Q92922,Q8TAQ2,Q96GM5,Q969G3;60,8289,10498,57410,6597,6598,6599,6601,6602,6605;MI:0004- affinity chromatography technologies | MI:0029- cosedimentation through density gradients;14729568;10.01.09.05,11.02.03.04.01,14.07.09,16.03.01,30.01.09.08,30.01.11,42.10.03,70.10;"In the NUMAC complex, the methylase, CARM1, acquires the ability to covalently modify nucleosomal histones.";"";"";
95;Ku antigen-NARG1 complex; OCFRE-binding complex;Human;Q9BXJ9,P13010,P12956;80155,7520,2547;MI:0004- affinity chromatography technologies;12145306;11.02.03.04,16.03.01,73.03.17;"This complex regulates osteocalcin gene expression.";"";"";
112;Prefoldin complex;;Human;O60925,Q9UHV9,Q9NQP4,Q99471,O15212,P61758;5201,5202,5203,5204,10471,7411;MI:0413- electrophoretic mobility shift assay | MI:0040- electron microscopy | MI:0071- molecular sieving;12456645;14.01,42.04;"";"";"";
126;CCT micro-complex;;Human;P17987,P78371,P49368,P50991,P48643,P40227,Q99832,P50990;6950,10576,7203,10575,22948,908,10574,10694;MI:0029- cosedimentation through density gradients | MI:0047- far western blotting;9250675;14.01,16.01,16.19.03,70.03;"The chaperonins are a family of molecular chaperones involved in protein folding, assembly and transport. The chaperonin-containing TCP-1 (CCT) is abundant in eukaryotic cytosol. CCT micro-complexes have mol. wts ranging from 120 to 250 kDa and are present in cells at lower abundance (<5%) as compared with intact CCT.";"";"";
145;CCT:PFD complex;;Mammalia;Q32L40,Q3ZBH0,Q3T0K2,Q2T9X2,Q3T115,Q3MHL7,Q2NKZ1,Q3ZCI9,O60925,Q9UHV9,Q9NQP4,Q99471,O15212,P61758;512043,505313,504735,613336,533784,521540,514355,281047,5201,5202,5203,5204,10471,7411;MI:0040- electron microscopy | MI:0028- cosedimentation in solution | MI:0226- ion exchange chromatography;12456645;14.01,16.01,16.19.03,70.03;"The biogenesis of the cytoskeletal proteins actin and tubulin involves interaction of nascent chains of each of the two proteins with the oligomeric protein prefoldin (PFD) and their subsequent transfer to the cytosolic chaperonin CCT (chaperonin containing TCP-1). Three-dimensional reconstruction of the CCT:PFD complex based on cryoelectron microscopy reveals that PFD binds to each of the two CCT rings.";"";"";
149;PBAF complex (Polybromo- and BAF containing complex); SWI/SNF complex B;Human;Q68CP9,Q86U86,P51532,Q12824,Q92922,Q8TAQ2,Q96GM5,Q969G3,(P60709,P63261),(O96019,O94805);196528,55193,6597,6598,6599,6601,6602,6605,(60,71),(86,51412);MI:0004- affinity chromatography technologies | MI:0019- coimmunoprecipitation;11078522;10.01.09.05,11.02.03.04.01,16.03.01,30.01.09.08,30.01.11,42.10.03,70.10;"";"";"At the time of annotation, the additional member BAF240 of the protein complex was not found in the UniProt database.";
157;Condensin I complex; canonical condensin complex;Human;Q15021,Q9BPX3,Q15003,O95347,Q9NTJ3;9918,64151,23397,10592,10051;MI:0019- coimmunoprecipitation;10958694;10.03.01.01,10.03.04.03,42.10.03,70.10;"";"";"";
159;Condensin I-PARP-1-XRCC1 complex;;Human;Q15021,Q9BPX3,Q15003,P09874,O95347,Q9NTJ3,P18887;9918,64151,23397,142,10592,10051,7515;MI:0006- anti bait coimmunoprecipitation;16543152;10.01.05.01,32.01.09,70.10;"The association between PARP-1 and XRCC1 was enhanced in response to DNA damage.";"";"";
160;Condensin II;;Human;P42695,Q86XI2,Q6IBW4,O95347,Q9NTJ3;23310,54892,29781,10592,10051;MI:0006- anti bait coimmunoprecipitation;14532007;10.03.01.01,10.03.04.03,42.10.03,70.10;"";"";"";
167;Condensin I complex; canonical condensin complex;Human;Q15021,Q9BPX3,Q15003,O95347,Q9NTJ3;9918,64151,23397,10592,10051;MI:0004- affinity chromatography technologies;11250156;10.03.01.01,10.03.04.03,42.10.03,70.10;"";"";"";
181;26S proteasome;;Human;P25786,P25787,P25788,P25789,P28066,P60900,O14818,P20618,P49721,P49720,P28070,P28074,P28072,Q99436,P62191,P35998,P17980,P43686,P62195,P62333,Q9UNM6,P55036;5682,5683,5684,5685,5686,5687,5688,5689,5690,5691,5692,5693,5694,5695,5700,5701,5702,5704,5705,5706,5719,5710;MI:0019- coimmunoprecipitation;11812135;14.13.01.01,16.01,32.01,70.03,70.10;"The proteasome is an essential component of the ATP-dependent proteolytic pathway in eukaryotic cells and is responsible for the degradation of most cellular proteins (for reviews see PMID:8811196 and PMID:10872471). It contains a barrel-shaped proteolytic core complex (the 20S proteasome), and is capped at one or both ends by regulatory complexes like the 19S complex (PMID:11812135), modulator (PMID:8621709), PA28 (PMID:9325261) and PA28gamma (PMID:9325261). Interferon-gamma (IFN-gamma) alters the peptide-degrading specificity of proteasomes and produces an immunoproteasome responsible for accelerated processing of nonself endogenous antigens by inducing the replacement of subunits Psmb5, Psmb6 and Psmb7 by Psmb8, Psmb9 and Psmb10, respectively.";"";"";
189;BAF complex; SWI/SNF complex A;Human;P51531,P51532,Q12824,Q92922,Q8TAQ2,Q96GM5,Q969G3,(P60709,P63261),(O96019,O94805),(O14497,Q8NFD5);6595,6597,6598,6599,6601,6602,6605,(60,71),(86,51412),(8289,57492);MI:0004- affinity chromatography technologies | MI:0019- coimmunoprecipitation;11078522;10.01.09.05,11.02.03.04.01,16.03.01,42.10.03,70.10;"";"";"At the time of annotation, the additional member BAF110 of the protein complex was not found in the UniProt database.";
191;20S proteasome;;Human;P25786,P25787,P25788,P25789,P28066,P60900,O14818,P20618,P49721,P49720,P28070,P28074,P28072,Q99436;5682,5683,5684,5685,5686,5687,5688,5689,5690,5691,5692,5693,5694,5695;MI:0029- cosedimentation through density gradients;7811265;14.07.11,14.13.01.01,32.01,70.03,70.10;"The proteasome is an essential component of the ATP-dependent proteolytic pathway in eukaryotic cells and is responsible for the degradation of most cellular proteins (for reviews see PMID:8811196 and PMID:10872471). It contains a barrel-shaped proteolytic core complex (the 20S proteasome), and is capped at one or both ends by regulatory complexes like the 19S complex (PMID:11812135), modulator (PMID:8621709), PA28 (PMID:9325261) and PA28gamma (PMID:9325261). Interferon-gamma (IFN-gamma) alters the peptide-degrading specificity of proteasomes and produces an immunoproteasome responsible for accelerated processing of nonself endogenous antigens by inducing the replacement of subunits Psmb5, Psmb6 and Psmb7 by Psmb8, Psmb9 and Psmb10, respectively.";"";"";
192;PA28-20S proteasome;;Human;P25786,P25787,P25788,P25789,P28066,P60900,O14818,P20618,P49721,P49720,P28070,P28074,P28072,Q99436,Q06323,Q9UL46;5682,5683,5684,5685,5686,5687,5688,5689,5690,5691,5692,5693,5694,5695,5720,5721;MI:0029- cosedimentation through density gradients;11676531;14.07.11,14.13.01.01,32.01,70.03,70.10;"The proteasome is an essential component of the ATP-dependent proteolytic pathway in eukaryotic cells and is responsible for the degradation of most cellular proteins (for reviews see PMID:8811196 and PMID:10872471). It contains a barrel-shaped proteolytic core complex (the 20S proteasome), and is capped at one or both ends by regulatory complexes like the 19S complex (PMID:11812135), modulator (PMID:8621709), PA28 (PMID:9325261) and PA28gamma (PMID:9325261). Interferon-gamma (IFN-gamma) alters the peptide-degrading specificity of proteasomes and produces an immunoproteasome responsible for accelerated processing of nonself endogenous antigens by inducing the replacement of subunits Psmb5, Psmb6 and Psmb7 by Psmb8, Psmb9 and Psmb10, respectively.";"";"";
193;PA700-20S-PA28 complex; proteasome;Human;P25786,P25787,P25788,P25789,P28066,P60900,O14818,P20618,P49721,P49720,P28070,P28074,P28072,Q99436,P62191,P35998,P17980,P43686,P62195,P62333,Q99460,O75832,O00231,O00232,Q9UNM6,O00487,Q13200,O43242,P55036,Q16401,Q15008,P51665,P48556,O00233,Q06323,Q9UL46;5682,5683,5684,5685,5686,5687,5688,5689,5690,5691,5692,5693,5694,5695,5700,5701,5702,5704,5705,5706,5707,5716,5717,5718,5719,10213,5708,5709,5710,5711,9861,5713,5714,5715,5720,5721;MI:0029- cosedimentation through density gradients;11676531;14.13.01.01,16.01,18.01.07,18.02.01.01.03;"The proteasome is an essential component of the ATP-dependent proteolytic pathway in eukaryotic cells and is responsible for the degradation of most cellular proteins (for reviews see PMID:8811196 and PMID:10872471). It contains a barrel-shaped proteolytic core complex (the 20S proteasome), and is capped at one or both ends by regulatory complexes like the 19S complex (PMID:11812135), modulator (PMID:8621709), PA28 (PMID:9325261) and PA28gamma (PMID:9325261). Interferon-gamma (IFN-gamma) alters the peptide-degrading specificity of proteasomes and produces an immunoproteasome responsible for accelerated processing of nonself endogenous antigens by inducing the replacement of subunits Psmb5, Psmb6 and Psmb7 by Psmb8, Psmb9 and Psmb10, respectively.";"";"";
194;PA28gamma-20S proteasome;;Human;P25786,P25787,P25788,P25789,P28066,P60900,O14818,P20618,P49721,P49720,P28070,P28074,P28072,Q99436,P61289;5682,5683,5684,5685,5686,5687,5688,5689,5690,5691,5692,5693,5694,5695,10197;MI:0029- cosedimentation through density gradients;7811265;14.07.11,14.13.01.01,32.01,70.03,70.10;"The proteasome is an essential component of the ATP-dependent proteolytic pathway in eukaryotic cells and is responsible for the degradation of most cellular proteins (for reviews see PMID:8811196 and PMID:10872471). It contains a barrel-shaped proteolytic core complex (the 20S proteasome), and is capped at one or both ends by regulatory complexes like the 19S complex (PMID:11812135), modulator (PMID:8621709), PA28 (PMID:9325261) and PA28gamma (PMID:9325261). Interferon-gamma (IFN-gamma) alters the peptide-degrading specificity of proteasomes and produces an immunoproteasome responsible for accelerated processing of nonself endogenous antigens by inducing the replacement of subunits Psmb5, Psmb6 and Psmb7 by Psmb8, Psmb9 and Psmb10, respectively.";"";"";
238;SWI-SNF chromatin remodeling-related-BRCA1 complex;;Human;O96019,P38398,P51531,P51532,Q12824,Q92922,Q8TAQ2,Q92925,Q969G3,(O14497,Q8NFD5);86,672,6595,6597,6598,6599,6601,6603,6605,(8289,57492);MI:0071- molecular sieving | MI:0004- affinity chromatography technologies;10943845;10.01.09.05,11.02.03.04,42.10.03,70.10;"BRCA1 interacts directly with BRG1.";"BRCA1 gene is involved in breast and ovarian cancers.";"";
244;BRAFT complex; BLM complex I;Human;P54132,O15360,Q00597,Q9HB96,Q9NPI8,O15287,Q9NW38,P40692,Q9H9A7,P27694,P15927,P35244,Q13472;641,2175,2176,2178,2188,2189,55120,4292,80010,6117,6118,6119,7156;MI:0006- anti bait coimmunoprecipitation;12724401;10.01.02,10.01.05.01,32.01.09,70.10;"";"BRAFT complex is involved in Fanconi Anemia (FA) and Bloom Syndrome (BS).";"The BRAFT complex contains several other proteins of unknown function, called FAAPs or BLAPs. FAAP 43 has been identified as FANCL/PHF9 in a following paper (PMID:12973351).";
248;BRAFT complex;;Human;P54132,O15360,Q00597,Q9HB96,Q9NPI8,O15287,Q9NW38,P27694,P15927,P35244,Q13472;641,2175,2176,2178,2188,2189,55120,6117,6118,6119,7156;MI:0006- anti bait coimmunoprecipitation;12973351;10.01.02,10.01.05.01,14.07.05,32.01.09,70.10;"";"";"FANCL/PHF9 (formerly called FAAP 43) is a newly identified component of the BRAFT complex.";
282;SNF2h-cohesin-NuRD complex; ISWI (SNF2h)-containing chromatin remodeling complex;Human;Q9NRL2,Q12873,Q13547,Q92769,Q9UBB5,O95983,Q13330,O94776,O60216,Q09028,Q16576,O60264,Q14683,Q9UQE7,Q8WVM7,Q8N3U4;11177,1107,3065,3066,8932,53615,9112,9219,5885,5928,5931,8467,8243,9126,10274,10735;MI:0226- ion exchange chromatography | MI:0071- molecular sieving;12198550;10.01.09.05,16.03.01,42.10.03,70.10.03;"The association of the complex with chromatin can be regulated by the state of DNA methylation.";"";"";
302;INO80 chromatin remodeling complex; INO80 complex;Human;O96019,Q9H9F9,Q9H981,Q6PI98,Q8NBZ0,Q53TQ3,Q9ULG1,Q96EZ8,Q6P4R8,Q9Y265,Q9Y230,P15923,Q9C086;86,79913,93973,125476,283899,54891,54617,10445,4798,8607,10856,6929,83444;MI:0007- anti tag coimmunoprecipitation;16230350;10.01.09.05,16.03.01,16.19.03,42.10.03,70.10.03;"INO80 complex exhibits DNA- and nucleosome-activated ATPase activity and catalyzes ATP-dependent nucleosome sliding.";"";"";
304;SRCAP-associated chromatin remodeling complex;;Human;O96019,Q9GZN1,Q96CJ1,P0C0S5,Q9Y265,Q9Y230,Q6ZRS2,Q15906,O95619,O43257;86,64431,55840,3015,8607,10856,10847,6944,8089,10467;MI:0007- anti tag coimmunoprecipitation;15647280;10.01.09.05,11.02.03.04.01,42.10.03,70.10;"";"";"";
305;40S ribosomal subunit, cytoplasmic; small ribosomal subunit, cytoplasmic;Human;P62861,P46783,P62280,P25398,P62277,P62263,P62841,P62244,P62249,P08708,P62269,P39019,P15880,P60866,P63220,P62266,P62847,P62851,P62854,P42677,P62979,P62857,P62273,P23396,P61247,P62701,P46782,P62753,P62081,P62241,P46781,P08865,(P22090,Q8TD47);2197,6204,6205,6206,6207,6208,6209,6210,6217,6218,6222,6223,6187,6224,6227,6228,6229,6230,6231,6232,6233,6234,6235,6188,6189,6191,6193,6194,6201,6202,6203,3921,(6192,140032);MI:0363- inferred by author;14681386;12,70.03;"";"";"";
306;Ribosome, cytoplasmic;;Human;P62861,P27635,P62906,P62913,P30050,P26373,P40429,P50914,P61313,P18621,Q07020,Q02543,P84098,P46778,P35268,P62829,P62750,P83731,P61254,P61353,P46776,P46779,P47914,P39023,P62888,P62899,P62910,P49207,P42766,P18077,Q9Y3U8,P83881,P61927,P61513,P63173,P62891,P36578,P62945,P46777,Q02878,P18124,P62424,P62917,P32969,P05388,P05386,P05387,P46783,P62280,P25398,P62277,P62263,P62841,P62244,P62249,P08708,P62269,P39019,P15880,P60866,P63220,P62266,P62847,P62851,P62854,P42677,P62979,P62857,P62273,P23396,P61247,P62701,P46782,P62753,P62081,P62241,P46781,P08865,P62987,(P22090,Q8TD47);2197,6134,4736,6135,6136,6137,23521,9045,6138,6139,6141,6142,6143,6144,6146,9349,6147,6152,6154,6155,6157,6158,6159,6122,6156,6160,6161,6164,11224,6165,25873,6173,6167,6168,6169,6170,6124,6171,6125,6128,6129,6130,6132,6133,6175,6176,6181,6204,6205,6206,6207,6208,6209,6210,6217,6218,6222,6223,6187,6224,6227,6228,6229,6230,6231,6232,6233,6234,6235,6188,6189,6191,6193,6194,6201,6202,6203,3921,7311,(6192,140032);MI:0363- inferred by author;14681386;12,70.03;"";"";"";
308;60S ribosomal subunit, cytoplasmic; large ribosomal subunit, cytoplasmic;Human;P27635,P62906,P62913,P30050,P26373,P40429,P50914,P61313,P18621,Q07020,Q02543,P84098,P46778,P35268,P62829,P62750,P83731,P61254,P61353,P46776,P46779,P47914,P39023,P62888,P62899,P62910,P49207,P42766,P18077,Q9Y3U8,P83881,P61927,P61513,P63173,P62891,P36578,P62945,P46777,Q02878,P18124,P62424,P62917,P32969,P05388,P05386,P05387,P62987;6134,4736,6135,6136,6137,23521,9045,6138,6139,6141,6142,6143,6144,6146,9349,6147,6152,6154,6155,6157,6158,6159,6122,6156,6160,6161,6164,11224,6165,25873,6173,6167,6168,6169,6170,6124,6171,6125,6128,6129,6130,6132,6133,6175,6176,6181,7311;MI:0363- inferred by author;14681386;12,70.03;"";"";"";
322;DNA-PK-Ku complex; DNA-PK-Ku70-Ku80 complex;Human;P78527,P13010,P12956;5591,7520,2547;MI:0040- electron microscopy | MI:0029- cosedimentation through density gradients;16713581;11.02.03,14.07.03,16.03.01,18.01.01,18.02.01.01,70.10;"For assembly of the DNA-PK-Ku70-Ku80 complex presence of DNA is necessary. DNA-bound Ku directs the recruitment of the catalytic subunit DNA-Pk via a small helical domain at the C-terminus of Ku80.";"";"";
328;Ku antigen complex; Ku70-Ku80 complex | Ku complex;Human;P13010,P12956;7520,2547;MI:0029- cosedimentation through density gradients | MI:0091- chromatography technologies;16713581;10.01.05.01,16.03.01,32.01.09,70.10;"In the absence of added DNA Ku70-Ku80 copurify without DNA-PKcs.";"";"";
335;p54(nrb)-PSF-matrin3 complex;;Human;P43243,Q15233,P23246;9782,4841,6421;MI:0030- cross-linking studies;11525732;16.03.03,20.01.21,70.10;"This complex binds specifically to inosine-containing RNAs and anchors hyperedited RNAs to the nuclear matrix.";"";"";
338;40S ribosomal subunit, cytoplasmic; small ribosomal subunit, cytoplasmic;Human;P62861,P46783,P62280,P25398,P62277,P62263,P62841,P62244,P62249,P08708,P62269,P39019,P15880,P60866,P63220,P62266,P62847,P62851,P62854,P62979,P62857,P62273,P23396,P61247,P62701,P46782,P62753,P62081,P62241,P46781,P08865;2197,6204,6205,6206,6207,6208,6209,6210,6217,6218,6222,6223,6187,6224,6227,6228,6229,6230,6231,6233,6234,6235,6188,6189,6191,6193,6194,6201,6202,6203,3921;MI:0029- cosedimentation through density gradients | MI:0004- affinity chromatography technologies;15883184;12,70.03;"";"";"RPS27 was not detected in this study. RPS4Y1 and RPSY2 could not be detected, since HeLa cells were used, which contain no Y chromosome.";
351;Spliceosome; U2-type spliceosome;Human;Q9UKV3,O60306,Q13838,O75934,Q9BRD0,P41223,Q9Y6A4,Q8WUQ7,Q9BQ61,O95400,O60508,Q99459,Q14011,Q16630,Q9NYV4,Q9BZJ0,O95232,Q8WYA6,Q9P013,Q9HCG8,Q92841,Q9BUQ8,O00571,Q9UJV9,Q7L014,P17844,Q96DF8,O43143,O60231,Q92620,Q14562,Q08211,O75937,Q15029,P38919,Q4ZG51,Q9Y5B6,O43719,O00425,Q13123,Q9ULR0,Q69YN4,Q9Y333,P62310,Q9Y4Z0,P62312,Q9UK45,P61326,P55081,Q9HCE1,Q09161,P52298,P55769,O43809,P11940,O43660,Q9UNP9,O43447,Q9Y3C6,Q13356,Q9H2H8,O15355,Q96BP3,Q99633,Q9UMS4,O43395,Q8WWY3,O43172,O75400,Q13523,O94906,Q6P2Q9,Q9UHX1,Q96T37,Q96I25,Q9NW64,P49756,Q14498,Q9Y5S9,Q15287,O43290,Q15637,Q15459,Q15428,Q12874,O75533,Q9Y3B4,Q13435,Q15393,Q15427,Q07955,Q05519,Q01130,P84103,Q08170,Q13243,Q16629,P42285,O95391,O75940,Q2TAY7,O75643,Q8WVK2,Q96DI7,P08621,P09012,P09661,P14678,P08579,P09234,P62314,P62316,P62318,P62304,P62306,P62308,Q13573,Q96T58,O15042,Q8IYB3,Q9UQ35,Q9BXP5,Q13247,Q13242,O95926,O14776,Q9UBB9,Q96FV9,Q8NI27,Q96J01,Q86V81,Q13769,Q86W42,Q6I9Y2,P62995,P83876,Q01081,P26368,Q53GS9,Q9Y2W2,Q15007,Q9HCS7,O43670;22985,9716,7919,10286,84811,8896,29105,58509,79002,10421,51362,988,1153,11052,51755,51340,51747,56259,51503,57703,10521,9416,1654,51428,9879,1655,8220,1665,8449,9785,1659,1660,22826,9343,9775,55660,94104,27336,10643,3550,57461,25962,57819,27258,25804,11157,51690,4116,4236,4343,4686,22916,4809,11051,26986,5356,10450,10465,51645,23759,53938,5496,23398,8559,27339,9129,26121,9128,55660,8899,24148,10594,22827,64783,84991,55696,58517,9584,9939,10921,9092,7536,10291,8175,10946,23451,51639,10992,23450,10262,6426,9295,6427,6428,6429,6430,6432,23517,10569,10285,55234,23020,11017,9410,6625,6626,6627,6628,6629,6631,6632,6633,6634,6635,6636,6637,22938,23013,23350,10250,23524,51593,6431,8683,25949,10915,24144,9984,57187,84321,10189,8563,79228,80145,6434,10907,7307,11338,10713,51729,9589,56949,7756;MI:0007- anti tag coimmunoprecipitation | MI:0071- molecular sieving | MI:0069- mass spectrometry studies of complexes;12226669;11.04.03.01,16.03.03,70.10;"In eukaryotes, the removal of introns from nascent transcripts is mediated by a highly dynamic, macromolecular machine called the spliceosome.";"";"";
353;DNA ligase IV-condensin complex;;Human;P49917,O95347,Q9NTJ3;3981,10592,10051;MI:0428- imaging techniques | MI:0402- chromatin immunoprecipitation assays | MI:0019- coimmunoprecipitation;12589063;10.01.05.01,10.03,70.10.03;"DNA ligase IV interacts with SMC2L1 protein.";"";"";
355;DNA-PK-Ku antigen complex;;Human;P78527,P13010,P12956;5591,7520,2547;MI:0091- chromatography technologies;1465419;11.02.03,14.07.03,16.03.01,18.01.01,18.02.01.01,70.10;"Ku antigen activates DNA-PK that phosphorylates the C-terminal domain of RNA polymerase II.";"";"";
356;DNA-PK-Ku antigen complex;;Human;P78527,P13010,P12956;5591,7520,2547;MI:0030- cross-linking studies | MI:0019- coimmunoprecipitation;8422676;11.02.03,14.07.03,16.03.01,18.01.01,18.02.01.01,70.10;"DNA-PK is directed to the DNA by interaction with Ku antigen.";"";"";
357;DNA-PK-Ku antigen complex;;Human;P78527,P13010,P12956;5591,7520,2547;MI:0029- cosedimentation through density gradients;8486698;11.02.03,14.07.03,16.03.01,18.01.01,18.02.01.01,70.10;"Ku antigen activates DNA-PK that phosphorylates the C-terminal domain of RNA polymerase II.";"";"";
387;MCM complex;;Human;P49736,P25205,P33991,P33992,Q14566,P33993;4171,4172,4173,4174,4175,4176;MI:0226- ion exchange chromatography;8798650;10.01.02,10.01.03,16.19.03,70.10.03;"";"The MCM proteins are highly expressed in malignant human cancer cells and pre-cancerous cells undergoing malignant transformation (PMID:16101384).";"";
525;TIP60 histone acetylase complex;;Human;O96019,Q92993,Q9Y265,Q9Y230,Q9Y4A5;86,10524,8607,10856,8295;MI:0007- anti tag coimmunoprecipitation | MI:0029- cosedimentation through density gradients;10966108;10.01.02,10.01.05.01,10.01.09.05,14.07.04,16.03.01,40.10.02,42.10.03,70.10;"The TIP60 histone acetylase complex plays a role in DNA repair and apoptosis.";"";"Additional unknown members of the TIP60 complex (p160, p150, p100, p70, p57, p40, p31, p29) have been isolated.";
528;NuA4/Tip60 HAT complex;;Human;O96019,Q9H0E9,Q9HAF1,Q9NPF5,Q96L91,Q9H2F5,Q92993,Q9NXR8,Q9UBU8,Q15014,Q9NV56,Q9Y265,Q9Y230,Q9Y4A5,O95619;86,10902,64769,55929,57634,80314,10524,54556,10933,9643,55257,8607,10856,8295,8089;MI:0004- affinity chromatography technologies;12963728;01.04,10.01.02,10.01.05.01,10.01.09.05,14.07.04,16.03.01,42.10.03,70.10;"The NuA4 histone acetyltransferase (HAT) multisubunit complex is responsible for acetylation of histone H4 and H2A N-terminal tails in yeast. The NuA4/Tip60 HAT complex is highly conserved in eukaryotes playing primary roles in transcription, cellular response to DNA damage, and cell cycle control.";"";"";
529;NuA4/Tip60 HAT complex;;Human;O96019,Q9H0E9,Q9HAF1,Q9NPF5,Q96L91,Q9H2F5,Q92993,Q9NXR8,Q9UBU8,Q15014,Q9NV56,Q9Y265,Q9Y230,Q9Y4A5,Q15906,O95619;86,10902,64769,55929,57634,80314,10524,54556,10933,9643,55257,8607,10856,8295,6944,8089;MI:0007- anti tag coimmunoprecipitation;15647280;01.04,10.01.02,10.01.05.01,10.01.09.05,14.07.04,16.03.01,42.10.03,70.10;"The NuA4 histone acetyltransferase (HAT) multisubunit complex is responsible for acetylation of histone H4 and H2A N-terminal tails in yeast. The NuA4/Tip60 HAT complex is highly conserved in eukaryotes playing primary roles in transcription, cellular response to DNA damage, and cell cycle control.";"";"";
554;PBAF complex (Polybromo- and BAF containing complex); SWI/SNF complex B;Human;O96019,Q68CP9,Q86U86,P51532,Q12824,Q92922,Q8TAQ2,Q96GM5,Q92925,Q969G3;86,196528,55193,6597,6598,6599,6601,6602,6603,6605;MI:0226- ion exchange chromatography;11780067;10.01.09.05,11.02.03.04.01,16.03.01,30.01.09.08,30.01.11,42.10.03,70.10.03;"The chromatin-remodeling complex PBAF facilitates gene activation by assisting transcription machinery to gain access to targets on the chromosome. As additional members of the complex the authors mentioned actin and beta-tubulin.";"";"";
555;BAF complex; SWI/SNF-A complex;Human;O96019,O14497,P51532,Q12824,Q92922,Q8TAQ2,Q96GM5,Q92925,Q969G3;86,8289,6597,6598,6599,6601,6602,6603,6605;MI:0226- ion exchange chromatography;11780067;10.01.09.05,11.02.03.04.01,16.03.01,42.10.03,70.10.03;"";"";"";
556;PBAF complex (Polybromo- and BAF containing complex); SWI/SNF complex B;Human;O96019,Q68CP9,Q86U86,P51532,Q12824,Q92922,Q8TAQ2,Q96GM5,Q969G3;86,196528,55193,6597,6598,6599,6601,6602,6605;MI:0007- anti tag coimmunoprecipitation;15985610;10.01.09.05,11.02.03.04.01,16.03.01,30.01.09.08,30.01.11,42.10.03,70.10.03;"The chromatin-remodeling complex PBAF facilitates gene activation by assisting transcription machinery to gain access to targets on the chromosome.";"";"";
565;PBAF complex (Polybromo- and BAF containing complex); SWI/SNF complex B;Human;O96019,Q68CP9,Q86U86,P51532,Q12824,Q92922,Q8TAQ2,Q969G3,(Q96GM5,Q92925,Q6STE5);86,196528,55193,6597,6598,6599,6601,6605,(6602,6603,6604);MI:0226- ion exchange chromatography | MI:0004- affinity chromatography technologies;8895581;10.01.09.05,11.02.03.04.01,16.03.01,30.01.09.08,30.01.11,42.10.03,70.10.03;"The chromatin-remodeling complex PBAF facilitates gene activation by assisting transcription machinery to gain access to targets on the chromosome.";"";"At the time of annotation, the additional member BAF110 of the protein complex was not found in the UniProt database.";
566;BAF complex; SWI/SNF complex A;Human;P60709,O96019,O14497,P51532,Q12824,Q92922,Q8TAQ2,Q969G3,(Q96GM5,Q92925,Q6STE5);60,86,8289,6597,6598,6599,6601,6605,(6602,6603,6604);MI:0006- anti bait coimmunoprecipitation;9845365;10.01.09.05,11.02.03.04.01,16.03.01,42.10.03,70.10;"Beta-actin and BAF53 directly interact with BRG1 in the BAF complex. The actin subunit is required for optimal ATPase activity of BRG1.";"";"";
591;SAP complex (Sin3-associated protein complex);;Human;Q4LE39,Q13547,Q92769,Q09028,Q16576,Q9H0E3,O75446,Q96ST3;51742,3065,3066,5928,5931,79595,8819,25942;MI:0004- affinity chromatography technologies;9885572;10.01.09.05,11.02.03.04.03,14.07.04,16.01,42.10.03,70.10;"";"";"In PMID:12724404, SAP45 has been identified as an additional member of the complex.";
592;SAP complex (Sin3-associated protein complex); mSin3A corepressor complex;Human;Q4LE39,Q13547,Q92769,Q09028,Q16576,Q9H0E3,O75446,Q96ST3,Q9H7L9;51742,3065,3066,5928,5931,79595,8819,25942,64426;MI:0006- anti bait coimmunoprecipitation | MI:0091- chromatography technologies | MI:0004- affinity chromatography technologies;12724404;10.01.09.05,11.02.03.04.03,14.07.04,16.01,42.10.03,70.10;"";"";"SAP45 has been newly identified as a member of the SAP complex. Two other subunits of the complex were found in the analysis, which have not been further characterized: SAP38, SAP28.";
656;VPS35-VPS29-VPS26A complex;;Human;O75436,Q9UBQ0,Q96QK1;9559,51699,55737;MI:0019- coimmunoprecipitation;11102511;14.04;"";"";"";
657;Retromer complex (SNX1, SNX2, VPS35, VPS29, VPS26A);;Human;Q13596,O60749,O75436,Q9UBQ0,Q96QK1;6642,6643,9559,51699,55737;MI:0019- coimmunoprecipitation | MI:0018- two hybrid | MI:0051- fluorescence technologies;16732284;14.04,20.09.07,20.09.07.29;"";"";"";
678;GINS complex;;Human;Q14691,Q9Y248,Q9BRX5,Q9BRT9;9837,51659,64785,84296;MI:0019- coimmunoprecipitation;17170760;10.01.03.03,70.10;"This complex stimulates DNA polymerase alpha-primase.";"";"";
691;SIN3-SAP25 complex;;Human;Q4LE39,Q13547,Q92769,Q09028,Q16576,Q9H0E3,O00422,Q1EHW4,O75446,Q96ST3,Q9H7L9;51742,3065,3066,5928,5931,79595,10284,751865,8819,25942,64426;MI:0007- anti tag coimmunoprecipitation;16449650;10.01.09.05,11.02.03.04.03,14.07.04,16.01,42.10.03,70.10;"";"";"Since human SAP25 was not available in the UniProt database at the time of annotation, the orthologous protein from mouse was used.";
710;Brg1-associated complex I;;Human;O96019,O14497,O14744,P51532,Q12824,Q92922,Q8TAQ2,Q969G3,(Q96GM5,Q92925,Q6STE5);86,8289,10419,6597,6598,6599,6601,6605,(6602,6603,6604);MI:0007- anti tag coimmunoprecipitation | MI:0029- cosedimentation through density gradients;11238380;10.01.09.05,11.02.03.04,16.03.01,42.10.03,70.10;"";"";"In a following paper (PMID:14559996) p66 has been identified as PRMT5.";
726;DDB2 complex;Ubiquitin E3 ligase;Human;P61201,Q9UNS2,Q9BT78,Q92905,Q7L5N1,Q99627,Q13619,Q16531,Q92466,Q13098,P62877,(Q9UBW8,Q9H9Q2);9318,8533,51138,10987,10980,10920,8451,1642,1643,2873,9978,(50813,64708);MI:0007- anti tag coimmunoprecipitation | MI:0029- cosedimentation through density gradients;12732143;10.01.05.01,14.07.05,16.03.01,32.01.09,70.10;"Ubiquitin E3 ligases covalently attach ubiquitin to a lysine residue on a target protein. Polyubiquitination marks proteins for degradation by the proteasome. Results suggest that the distinct UV response of the DDB2 and CSA complexes is involved in diverse mechanisms of nucleotide excision repair (NER). The DDB2 complex binds to DNA after UV irradiation.";"";"";
727;CSA complex;Ubiquitin E3 ligase;Human;P61201,Q9UNS2,Q9BT78,Q92905,Q7L5N1,Q99627,Q13619,Q16531,Q13216,Q13098,P62877,(Q9UBW8,Q9H9Q2);9318,8533,51138,10987,10980,10920,8451,1642,1161,2873,9978,(50813,64708);MI:0007- anti tag coimmunoprecipitation | MI:0029- cosedimentation through density gradients;12732143;10.01.05.01,14.07.05,16.01,32.01.09,70.10;"Ubiquitin E3 ligases covalently attach ubiquitin to a lysine residue on a target protein. Polyubiquitination marks proteins for degradation by the proteasome. Results suggest that the distinct UV response of the DDB2 and CSA complexes is involved in diverse mechanisms of nucleotide excision repair (NER). The CSA complex does not bind to DNA, regardless of UV damage.";"";"";
728;CSA-POLIIa complex;Ubiquitin E3 ligase;Human;P61201,Q9UNS2,Q9BT78,Q92905,Q7L5N1,Q99627,Q13619,Q16531,Q13216,Q13098,P24928,P62877,(Q9UBW8,Q9H9Q2);9318,8533,51138,10987,10980,10920,8451,1642,1161,2873,5430,9978,(50813,64708);MI:0007- anti tag coimmunoprecipitation | MI:0029- cosedimentation through density gradients;12732143;10.01.05.01,11.02.03,14.07.05,32.01.09,70.10;"Ubiquitin E3 ligases covalently attach ubiquitin to a lysine residue on a target protein. Polyubiquitination marks proteins for degradation by the proteasome. This complex has been purified from UV-irradiated cells. Results suggest that the distinct UV response of the DDB2 and CSA complexes is involved in diverse mechanisms of nucleotide excision repair (NER).";"";"";
739;SIN3-ING1b complex II;;Human;O96019,O14497,Q4LE39,Q13547,Q92769,Q9UK53,Q09028,Q16576,O00422,O75446,Q96ST3,P51532,Q12824,Q92922,Q8TAQ2,Q96GM5;86,8289,51742,3065,3066,3621,5928,5931,10284,8819,25942,6597,6598,6599,6601,6602;MI:0006- anti bait coimmunoprecipitation | MI:0091- chromatography technologies;11784859;10.01.09.05,11.02.03.04.03,14.07.04,16.01,18.02.09,42.10.03,70.10;"SAP30 is a specific component of Sin3 complexes since it is absent in other HDAC1/2-containing complexes such as NuRD.";"";"";
742;eIF3 complex (EIF3S6, EIF3S5, EIF3S4, EIF3S3, EIF3S6IP, EIF3S2, EIF3S9, EIF3S12,  EIF3S10, EIF3S8,  EIF3S1, EIF3S7);;Human;Q14152,P55884,Q99613,O15371,P60228,Q9Y262,O00303,O75821,O15372,Q13347,O75822,Q9UBQ5;8661,8662,8663,8664,3646,51386,8665,8666,8667,8668,8669,27335;MI:0019- coimmunoprecipitation | MI:0004- affinity chromatography technologies;14519125;12.04.01;"";"";"";
743;SIN3-SAP25 complex;;Human;Q4LE39,Q13547,Q92769,Q09028,Q16576,Q9H0E3,O00422,Q1EHW4,O75446,Q96ST3,Q9H7L9;51742,3065,3066,5928,5931,79595,10284,751865,8819,25942,64426;MI:0007- anti tag coimmunoprecipitation;16449650;10.01.09.05,11.02.03.04.03,14.07.04,16.01,42.10.03,70.10;"SAP25 binds to the PAH1 domain of SIN3A. ";"";"Since human SAP25 was not available in the UniProt database at the time of annotation, the orthologous protein from mouse was used.";
778;LARC complex (LCR-associated remodeling complex);;Human;P60709,O96019,O14497,Q14839,Q92785,Q8WXI9,Q13547,Q92769,P07910,Q9UBB5,O95983,O94776,Q09028,P51532,Q12824,Q92922,Q8TAQ2,Q92925,Q969G3;60,86,8289,1108,5977,57459,3065,3066,3183,8932,53615,9219,5928,6597,6598,6599,6601,6603,6605;MI:0091- chromatography technologies | MI:0004- affinity chromatography technologies;16217013;10.01.09.05,11.02.03.04,14.07.04,16.03.01,42.10.03,70.10;"LARC binds to the hypersensitive 2 (HS2)-Maf recognition element (MARE) DNA in a sequence-specific manner and remodels nucleosomes.";"";"";
787;NuA4/Tip60-HAT complex B;;Human;O96019,Q9NPF5,Q9H2F5,Q92993,Q9UBU8,Q9Y265,Q9Y230,Q9Y4A5;86,55929,80314,10524,10933,8607,10856,8295;MI:0007- anti tag coimmunoprecipitation;14966270;10.01.02,10.01.05.01,10.01.09.05,14.07.04,16.03.01,32.01.09,42.10.03,70.10;"The NuA4 histone acetyltransferase (HAT) multisubunit complex is responsible for acetylation of histone H4 and H2A N-terminal tails in yeast. The NuA4/Tip60 HAT complex is highly conserved in eukaryotes playing primary roles in transcription, cellular response to DNA damage, and cell cycle control.";"";"";
788;Exosome;;Human;Q9Y2L1,Q9Y3B2,Q13868,Q9NQT5,Q9NPD3,Q9NQT4,Q5RKV6,Q15024,Q96B26,Q06265;22894,51013,23404,51010,54512,56915,118460,23016,11340,5393;MI:0019- coimmunoprecipitation;11719186;01.03.16.01,16.03.03,70.03,70.10;"Inherently unstable mammalian mRNAs contain AU-rich elements (AREs) within their 3' untranslated regions. The mammalian exosome is required for rapid 3'-to-5' degradation of ARE-containing RNAs but not for poly(A) shortening. ARE recognition requires certain ARE binding proteins that can interact with the exosome and recruit it to unstable RNAs, thereby promoting their rapid degradation.";"";"";
789;Exosome;;Human;Q9Y2L1,Q9Y3B2,Q01780,Q13868,Q9NQT5,Q9NPD3,Q9NQT4,Q5RKV6,Q15024,Q96B26,Q06265;22894,51013,5394,23404,51010,54512,56915,118460,23016,11340,5393;MI:0019- coimmunoprecipitation;11719186;01.03.16.01,16.03.03,70.10;"Inherently unstable mammalian mRNAs contain AU-rich elements (AREs) within their 3' untranslated regions. The mammalian exosome is required for rapid 3'-to-5' degradation of ARE-containing RNAs but not for poly(A) shortening. ARE recognition requires certain ARE binding proteins that can interact with the exosome and recruit it to unstable RNAs, thereby promoting their rapid degradation. The exosome complex containing PMSCL was only found in the nuclear complex.";"";"";
798;NuA4/Tip60-HAT complex A;;Human;O96019,Q9H0E9,Q9HAF1,Q9NPF5,Q96L91,Q9H2F5,Q52LR7,Q92993,Q9NXR8,Q9UBU8,Q9NV56,Q9Y265,Q9Y230,Q9Y4A5,O95619;86,10902,64769,55929,57634,80314,26122,10524,54556,10933,55257,8607,10856,8295,8089;MI:0004- affinity chromatography technologies;14966270;01.04,10.01.02,10.01.05.01,10.01.09.05,14.07.04,16.03.01,32.01.09,42.10.03,70.10;"The NuA4 histone acetyltransferase (HAT) multisubunit complex is responsible for acetylation of histone H4 and H2A N-terminal tails in yeast. The NuA4/Tip60 HAT complex is highly conserved in eukaryotes playing primary roles in transcription, cellular response to DNA damage, and cell cycle control.";"";"";
799;DMAP1-associated complex;;Human;O96019,Q9H0E9,Q9NPF5,Q96L91,Q9H2F5,Q9Y265,Q9Y230,Q6ZRS2,Q9Y4A5,Q15906;86,10902,55929,57634,80314,8607,10856,10847,8295,6944;MI:0004- affinity chromatography technologies;14966270;01.04,10.01.02,10.01.05.01,10.01.09.05,42.10.03,70.10;"";"";"";
803;BRG1-SIN3A-HDAC containing SWI/SNF remodeling complex I;;Human;O96019,O14497,Q92769,O14744,Q96ST3,P51532,Q12824,Q92922,Q8TAQ2,Q96GM5,Q969G3;86,8289,3066,10419,25942,6597,6598,6599,6601,6602,6605;MI:0029- cosedimentation through density gradients | MI:0004- affinity chromatography technologies | MI:0006- anti bait coimmunoprecipitation;14559996;10.01.09.05,11.02.03.04,14.07.04,14.07.09,16.03.01,42.10.03,70.10;"The authors provide evidence, that PRMT5, mSin3A/HDAC2, and the Brg1-based hSWI/SNF complex are involved in cad transcriptional repression.";"";"";
807;BRG1-associated complex; BRG1 containing SWI/SNF remodeling complex;Human;O96019,O14497,O14744,P51532,Q12824,Q92922,Q8TAQ2,Q96GM5,Q969G3;86,8289,10419,6597,6598,6599,6601,6602,6605;MI:0029- cosedimentation through density gradients | MI:0004- affinity chromatography technologies;14559996;10.01.09.05,11.02.03.04,14.07.09,16.03.01,42.10.03,70.10;"";"";"";
835;6S methyltransferase and RG-containing Sm proteins complex;;Human;P54105,P14678,P62314,P62316,P62318,P62304,P62306,P62308;1207,6628,6632,6633,6634,6635,6636,6637;MI:0029- cosedimentation through density gradients;11713266;11.04.03.01,70.03;"snRNPs, integral components of the pre-mRNA splicing machinery, consist of seven Sm proteins which assemble in the cytoplasm as a ring structure on the snRNAs U1, U2, U4, and U5. The survival motor neuron (SMN) protein, the spinal muscular atrophy disease gene product, is crucial for snRNP core particle assembly in vivo. Results indicate that methylation of Sm proteins by the methylosome directs Sm proteins to the SMN complex for assembly into snRNP core particles and suggest that the methylosome can regulate snRNP assembly.";"";"";
924;Toposome;;Human;Q9NR30,Q08211,P07910,Q6P2Q9,Q96SB4,Q08945,P11388;9188,1660,3183,10594,6732,6749,7153;MI:0226- ion exchange chromatography | MI:0019- coimmunoprecipitation;15034300;10.01.02,10.03.01,16.03.01,70.10;"During chromosome segregation, the toposome complex separates entangled circular chromatin DNA about fourfold more efficiently than topoisomerase IIalpha alone.";"";"";
1059;Retromer complex (SNX1, SNX2, VPS35, VPS29, VPS26A);;Human;Q13596,O60749,O75436,Q9UBQ0,Q96QK1;6642,6643,9559,51699,55737;MI:0018- two hybrid | MI:0047- far western blotting;11102511;20.09.07.07;"";"";"";
1060;Retromer complex (SNX1, SNX2, VPS35, VPS29, VPS26B);;Human;Q13596,O60749,Q4G0F5,Q9UBQ0,Q96QK1;6642,6643,112936,51699,55737;MI:0018- two hybrid | MI:0047- far western blotting;11102511;20.09.07.07;"";"";"";
1068;12S U11 snRNP;;Human;Q9BV90,Q6IEG0,Q8N8D1,Q9H875,Q16629,P14678,P62314,P62316,P62318,P62304,P62306,P62308,Q96GM8,Q16560,P67809;79622,154007,10081,79706,6432,6628,6632,6633,6634,6635,6636,6637,114034,11066,4904;MI:0029- cosedimentation through density gradients | MI:0069- mass spectrometry studies of complexes;15146077;11.04.03,70.10;"U12-type spliceosomes excise U12-type introns, which comprise less than 1% of all human introns.";"";"";
1092;PCNA-KU antigen complex; PCNA-Ku70-Ku80 complex;Human;P12004,P13010,P12956;5111,7520,2547;MI:0006- anti bait coimmunoprecipitation;11239001;10.01.05.01,16.03.01,16.19.03,32.01.09;"Interaction of PCNA with Ku70 and Ku80 heterodimer increases after DNA damage.";"";"";
1097;eIF3 complex (EIF3S6, EIF3S5, EIF3S4, EIF3S3, EIF3S6IP, EIF3S2, EIF3S9, EIF3S12,  EIF3S10, EIF3S8,  EIF3S1, EIF3S7, PCID1);;Human;Q14152,P55884,Q99613,O15371,P60228,Q9Y262,O00303,O75821,O15372,Q13347,O75822,Q9UBQ5,Q7L2H7;8661,8662,8663,8664,3646,51386,8665,8666,8667,8668,8669,27335,10480;MI:0069- mass spectrometry studies of complexes;17322308;12.04.01;"Four eIF3 subunits (h, i, k, and m) were found to dissociate preferentially and are therefore likely to be on the periphery of the complex (PMID:17322308).";"";"Each of 13 subunits of this complex present in stoichiometric amounts (PMID:17322308).";
1148;snRNP-free U1A (SF-A) complex;;Human;P17844,Q15233,P23246,P09012;1655,4841,6421,6626;MI:0096- pull down;16373496;11.04.03.05,16.03.03,70.10;"The formation of mRNAs in the nuclei of eukaryotic cells involves several co- and post-transcriptional processing events, including 5' end capping, RNA splicing, and 3' end formation. The SF-A complex was found to be involved in cleavage of the mRNA precursor, an essential step of the 3' end formation process.";"";"";
1166;p400-associated complex;;Human;P60709,Q96L91,Q9Y265,Q9Y230,Q9Y4A5,(O96019,O94805);60,57634,8607,10856,8295,(86,51412);MI:0004- affinity chromatography technologies;11509179;01.04,10.01.02,10.01.09.05,16.01,42.10.03,70.10;"";"";"";
1170;cMYC-ATPase-helicase complex;;Human;O96019,P01106,Q9Y265,Q9Y230,Q9Y4A5;86,4609,8607,10856,8295;MI:0004- affinity chromatography technologies | MI:0006- anti bait coimmunoprecipitation;10882073;10.01.02,10.01.09.05,11.02.03.04,14.07.04,16.03.01,42.10.03,70.10;"TIP49 and TIP48 are complexed with c-Myc in vivo, and binding is dependent on a c-Myc domain essential for oncogenic activity. TIP49 protein is an essential mediator of c-Myc oncogenic transformation.";"";"BAF53 and beta-actin have been described in this paper as p45 and p41. Both subunits were identified in the succeeding paper PMID:11839798.";
1171;c-MYC-ATPase-helicase complex;;Human;O96019,P01106,Q9Y265,Q9Y230,Q9Y4A5;86,4609,8607,10856,8295;MI:0006- anti bait coimmunoprecipitation;11839798;10.01.02,10.01.09.05,11.02.03.04,14.07.04,16.03.01,42.10.03,70.10;"";"";"";
1173;TIP49-TIP48-BAF53 complex;;Human;O96019,Q9Y265,Q9Y230;86,8607,10856;MI:0007- anti tag coimmunoprecipitation;11839798;10.01.02,70.10;"";"";"";
1181;C complex spliceosome;;Human;O60306,Q8WUQ7,O60508,Q99459,Q9BZJ0,Q9P013,Q9HCG8,Q9BUQ8,Q9UJV9,P17844,Q96DF8,Q9H5Z1,Q92620,Q14562,Q15029,P38919,Q14331,Q9BRR8,P09651,P22626,P51991,P07910,P52597,P31943,P61978,P52272,O43390,Q00839,Q9ULR0,Q9Y333,P62310,P61326,Q9BRX9,P11940,O43660,Q9H307,Q9UNP9,Q9Y3C6,Q9H2H8,Q96BP3,Q9UMS4,Q13523,O94906,Q6P2Q9,Q9UKM9,Q9NW64,Q9Y5S9,P38159,O43290,Q6UX04,Q15459,Q15428,Q12874,O75533,Q13435,Q15393,Q07955,P42285,O95391,O75643,Q96DI7,P09661,P14678,P08579,P62314,P62316,P62318,P62304,P62306,P62308,Q13573,Q8IYB3,Q9UQ35,O95926,O60506,Q9UBB9,Q86V81,Q01081,Q9HCS7,Q6NZY4;9716,58509,51362,988,51340,51503,57703,9416,51428,1655,8220,60625,9785,1659,9343,9775,2483,55094,3178,3181,220988,3183,3185,3187,3190,4670,10236,3192,57461,57819,27258,4116,84292,26986,5356,5411,10450,51645,53938,23398,27339,8899,24148,10594,22913,55696,9939,27316,9092,10283,10291,8175,10946,23451,10992,23450,6426,23517,10569,23020,9410,6627,6628,6629,6632,6633,6634,6635,6636,6637,22938,10250,23524,25949,10492,24144,10189,7307,56949,55596;MI:0028- cosedimentation in solution | MI:0096- pull down;11991638;16.03.03,11.04.03.01,70.10;"In eukaryotes, the removal of introns from nascent transcripts is mediated by a highly dynamic, macromolecular machine called the spliceosome.";"";"";
1183;CDC5L complex;;Human;O75934,Q7L1Q6,Q99459,Q9P013,Q14204,Q92616,P11142,Q12905,O43660,O15297,P62136,P78527,Q9UMS4,Q9UPN6,P38159,O75533,Q13435,Q15427,A8K8P3,P23246,Q07955,Q01130,P09012,P09661,P62314,P62316,P62318,Q8IYB3,P15884,P11388;10286,9689,988,51503,1778,10985,3312,3608,5356,8493,5499,5591,27339,22828,27316,23451,10992,10262,9814,6421,6426,6427,6626,6627,6632,6633,6634,10250,6925,7153;MI:0019- coimmunoprecipitation | MI:0069- mass spectrometry studies of complexes;11101529;11.04.03.01,16.03.03,70.10;"The CDC5L complex incorporates into the spliceosome in an ATP-dependent step. This complex is required for the second catalytic step of pre-mRNA splicing. Immunodepletion of the CDC5L complex from HeLa nuclear extract inhibits the formation of pre-mRNA splicing products in vitro but does not prevent spliceosome assembly.";"";"";
1189;DNA double-strand break end-joining complex;;Human;P49917,P49959,O60934,Q92878,Q13426,P13010,P12956;3981,4361,4683,10111,7518,7520,2547;MI:0091- chromatography technologies | MI:0071- molecular sieving;11809878;10.01.05.01,16.03.01,32.01.09,70.10;"";"";"";
1193;Rap1 complex;;Human;P49959,P09874,Q92878,Q15554,Q9NYB0,P13010,P12956;4361,142,10111,7014,54386,7520,2547;MI:0007- anti tag coimmunoprecipitation;15100233;16.03.01,32.01.09,42.10.03,70.10;"This complex is responsible for proper maintenance of telomere length and structure. Rad50, Mre11 and Ku86 are recruited to Rap1 independent of TRF2. PARP1, however, most likely interacts with Rap1 through TRF2.";"";"";
1220;TRF2-Ku complex;;Human;Q15554,P13010,P12956;7014,7520,2547;MI:0018- two hybrid | MI:0019- coimmunoprecipitation;10984620;16.03.01,42.10.03,70.10;"";"";"";
1230;WINAC complex; WSTF containing complex;Human;O96019,O14497,Q9UIG0,Q13111,P51531,P51532,Q12824,Q92922,Q8TAQ2,Q96GM5,Q969G3,Q9Y5B9,Q02880,P11473;86,8289,9031,10036,6595,6597,6598,6599,6601,6602,6605,11198,7155,7421;MI:0004- affinity chromatography technologies | MI:0029- cosedimentation through density gradients | MI:0006- anti bait coimmunoprecipitation;12837248;10.01.03,10.01.09.05,10.03.01.01.05,11.02.03.04,16.01.01,42.10.03,70.10;"WINAC mediates the recruitment of unliganded VDR to VDR target sites in promoters, while subsequent binding of coregulators requires ligand binding.";"";"";
1237;BAF complex; SWI/SNF complex A;Human;O96019,O14497,P51531,P51532,Q12824,Q92922,Q8TAQ2,Q96GM5,Q969G3;86,8289,6595,6597,6598,6599,6601,6602,6605;MI:0004- affinity chromatography technologies | MI:0006- anti bait coimmunoprecipitation;11073988;10.01.09.05,11.02.03.04.01,16.03.01,42.10.03,70.10;"BAF250 confers specificity to the human BAF complex and may recruit the complex to its targets through either protein-DNA or protein-protein interactions.";"";"Another subunit of the complex was found in the analysis, which has not been further characterized: BAF110.";
1238;PBAF complex (Polybromo- and BAF containing complex); SWI/SNF-B complex;Human;O96019,Q68CP9,Q86U86,P51532,Q12824,Q92922,Q8TAQ2,Q96GM5,Q969G3;86,196528,55193,6597,6598,6599,6601,6602,6605;MI:0004- affinity chromatography technologies | MI:0006- anti bait coimmunoprecipitation;11780067;10.01.09.05,11.02.03.04.01,16.03.01,30.01.09.08,30.01.11,42.10.03,70.10.03;"The chromatin-remodeling complex PBAF facilitates gene activation by assisting transcription machinery to gain access to targets on the chromosome. ";"";"Two other subunits of the complex were found in the analysis, which have not been further characterized: BAF110 and BAF240.";
1239;EBAFb complex; ENL-associated BAF250b-containing SWI/SNF complex;Human;O96019,Q8NFD5,Q03111,P51532,Q12824,Q92922,Q8TAQ2,Q96GM5,Q92925,Q969G3;86,57492,4298,6597,6598,6599,6601,6602,6603,6605;MI:0006- anti bait coimmunoprecipitation | MI:0071- molecular sieving;12665591;10.01.09.05,11.02.03.04.01,16.03.01,42.10.03,70.10.03,73.03.07.02.01.02;"ENL associates and cooperates with SWI/SNF complexes to activate transcription of the promoter of HoxA7, a downstream target essential for oncogenic activity of ENL.";"";"Three other subunits of the complex were found in the analysis, which have not been further characterized: EBAF140, EBAF100 and EBAF70.";
1252;EBAFa complex; ENL-associated BAF250a-containing SWI/SNF complex;Human;O96019,O14497,Q03111,P51532,Q12824,Q92922,Q8TAQ2,Q96GM5,Q92925,Q969G3;86,8289,4298,6597,6598,6599,6601,6602,6603,6605;MI:0006- anti bait coimmunoprecipitation | MI:0071- molecular sieving;12665591;10.01.09.05,11.02.03.04.01,16.03.01,42.10.03,70.10.03,73.03.07.02.01.02;"ENL associates and cooperates with SWI/SNF complexes to activate transcription of the promoter of HoxA7, a downstream target essential for oncogenic activity of ENL.";"";"Three other subunits of the complex were found in the analysis, which have not been further characterized: EBAF140, EBAF100 and EBAF70.";
1307;Multiprotein complex (mRNA turnover);;Human;O75534,Q14103,P11940,Q9H074,O60506;7812,3184,26986,10605,10492;MI:0029- cosedimentation through density gradients | MI:0047- far western blotting;11051545;01.03.16.01,70.03;"";"";"";
1332;Large Drosha complex;;Human;Q92499,Q92841,O00571,P17844,Q8WYQ5,O43143,Q01844,P35637,P31943,P52272,Q00839,Q9BUJ2,O14979,Q12905,Q12906,Q9UKM9,Q9NRR4,Q96SB4,Q92804,Q13148;1653,10521,1654,1655,54487,1665,2130,2521,3187,4670,3192,11100,9987,3608,3609,22913,29102,6732,8148,23435;MI:0007- anti tag coimmunoprecipitation | MI:0071- molecular sieving;15531877;11.04,16.03.03,70.10;"The large Drosha complex shows only weak pri-miRNA processing activity. It might be involved in pri-ribosomal RNA processing. ";"DGCR8 is deleted in DiGeorge syndrome. EWS is involved in Ewing's sarcoma disease.";"";
1345;Septin complex;;Human;Q9NVA2,Q15019,Q16181,Q92599,Q9UHD8;55752,4735,989,23176,10801;MI:0047- far western blotting;15485874;10.03.05,43.01.03.05;"Septins are members of a conserved family of cytoskeletal GTPases, filament-forming and cell division cycle regulatory proteins.";"";"";
1380;Elongator holo complex;;Human;Q6IA86,Q9H9T3,Q96EB1,O95163;55250,55140,26610,8518;MI:0029- cosedimentation through density gradients;11714725;11.02.03.01.04,14.07.04,70.10;"The holo-Elongator complex has histone acetyltransferase activity directed against histone H3 and H4. Holo-Elongator interacts with RNA polymerase II.  ";"";"Two other subunits of the complex were found in the analysis, which have not been further characterized: p38, p30.";
1452;MCM2-MCM6-MCM7 complex;;Human;P49736,Q14566,P33993;4171,4175,4176;MI:0006- anti bait coimmunoprecipitation;15448696;10.01.03,70.10;"";"";"";
1571;Vigilin-DNA-PK-Ku antigen complex; vigilin-Ku70-Ku86-DNA-PKcs complex;Human;Q00341,P78527,P13010,P12956;3069,5591,7520,2547;MI:0007- anti tag coimmunoprecipitation;15723802;10.03.04.05,14.07.03,16.03.03,70.10.03;"The authors describe, that in the presence of RNA, the Vigilin complex recruits the DNA-PKcs enzyme, which appears to phosphorylate a discrete set of targets, some or all of which are known to participate in chromatin silencing.";"";"";
1745;SMN complex;;Human;Q9UHI6,P57678,Q8TEQ6,Q8WXD5,Q9H840,O14893,P09012,P14678,P62314,P62316,P62318,P62304,P62306,P62308,P63162;11218,50628,25929,79833,79760,8487,6626,6628,6632,6633,6634,6635,6636,6637,6638;MI:0007- anti tag coimmunoprecipitation;11748230;11.04.03.01,11.04.05,14.10,16.03.03,70.03,70.10;"Assembly of the Sm-class of U-rich small nuclear ribonucleoprotein particles  (U snRNPs) is a process facilitated by the macromolecular survival of motor  neuron (SMN) complex.  The SMN complex is found both in the cytoplasm and in the nucleus, where it is concentrated in gems, nuclear bodies similar in size and number to Cajal (coiled) bodies and often associated with them. ";"Spinal muscular atrophy (SMA) is the most common genetic cause of infant mortality.  Deletions or mutations in the survival of motor neurons (SMN1) gene, the SMA-causing gene, are detected in over 95% of SMA patients. ";"";
1856;CDCA5-PDS5A-RAD21-SMC1A-PDS5B-SMC3 complex;;Human;Q96FF9,Q29RF7,Q9NTI5,O60216,Q14683,Q9UQE7;113130,23244,23047,5885,8243,9126;MI:0004- affinity chromatography technologies;15837422;10.03.01.01;"";"";"";
2174;COP9 signalosome complex; JAB1-containing signalosome (GPS1, COPS2, COPS3, COPS4, COPS5, COPS6, COPS7) | COP9 complex homolog;Human;P61201,Q9UNS2,Q9BT78,Q92905,Q7L5N1,Q99627,Q13098,(Q9UBW8,Q9H9Q2);9318,8533,51138,10987,10980,10920,2873,(50813,64708);MI:0047- far western blotting;9535219;11.02.03.04,30,34.11.01;"The purified complex is very similar, if not identical,  to the plant COP9 complex involved in light-mediated signal transduction. A regulating transcriptional activity is discussed.";"";"";
2179;CNS-P53 complex;;Human;P61201,Q9UNS2,Q9BT78,Q92905,Q7L5N1,Q9UBW8,Q99627,Q13098,P04637;9318,8533,51138,10987,10980,50813,10920,2873,7157;MI:0096- pull down | MI:0047- far western blotting | MI:0040- electron microscopy;11285227;14.04;"";"";"";
2222;BLM complex II;;Human;P54132,Q9H9A7,P27694,P15927,P35244,Q13472;641,80010,6117,6118,6119,7156;MI:0006- anti bait coimmunoprecipitation;15775963;10.01.02,10.01.05.01,32.01.09,70.10;"BLAP75 is an integral component of BLM complexes and is essential for their stability.";"";"";
2247;Dynactin complex (DCTN1, DCTN2, DCTN3, DCTN4, DCTN6, CAPZA1, CAPZB, ACTR1A);;Bovine;P61163,P52907,P47756,Q14203,Q13561,O75935,Q9UJW0,O00399;10121,829,832,1639,10540,11258,51164,10671;MI:0004- affinity chromatography technologies | MI:0029- cosedimentation through density gradients;10074429;20.09.14,77.03.01.01.01;"";"";"";
2716;Elongator core complex;;Human;Q6IA86,Q9H9T3,O95163;55250,55140,8518;MI:0029- cosedimentation through density gradients;11714725;11.02.03.01.04,70.10;"The core-Elongator complex does not have histone acetyltransferase activity despite containing the catalytic Elp3 subunit.";"";"";
2738;BLM complex II; BLM-CII complex;Human;P54132,Q9H9A7,P27694,P15927,P35244,Q13472;641,80010,6117,6118,6119,7156;MI:0006- anti bait coimmunoprecipitation;12724401;10.01.02,10.01.05.01,32.01.09,70.10;" ";"BLM complex II is involved in Bloom syndrome (BS).";"Another subunit of the complex was found in the analysis, which has not been further characterized: BLAPp100.";
2766;TERF2-RAP1 complex;;Human;P49959,Q92878,Q15554,Q9NYB0,Q9BSI4,P13010,P12956;4361,10111,7014,54386,26277,7520,2547;MI:0007- anti tag coimmunoprecipitation;15383534;16.03.01,32.01.09,42.10.03,70.10;"This complex is responsible for proper maintenance of telomere length and structure.";"";"";
2791;MCM4-MCM6-MCM7 complex;;Human;P33991,Q14566,P33993;4173,4175,4176;MI:0091- chromatography technologies;9305914;01.04,10.01.02,10.01.03,16.19.03,70.10;"This complex has DNA helicase activity.";"";"";
2792;MCM2-MCM4-MCM6-MCM7 complex;;Human;P49736,P33991,Q14566,P33993;4171,4173,4175,4176;MI:0091- chromatography technologies | MI:0029- cosedimentation through density gradients;9305914;01.04,10.01.02,10.01.03,16.19.03,70.10;"This complex has DNA helicase activity.";"";"";
2851;ING2 complex;;Human;P29374,Q9HCU9,Q5PSV4,Q13547,Q92769,Q9H160,Q09028,Q16576,Q9H0E3,O75446,Q96ST3,Q9H7L9;5926,25855,84312,3065,3066,3622,5928,5931,79595,8819,25942,64426;MI:0069- mass spectrometry studies of complexes | MI:0004- affinity chromatography technologies;16387653;10.01.09.05,10.03.01,14.07.04,40.10.02,41.05.16,42.10.03,70.10;"ING2 is in an HDAC complex similar to ING1. ING subunits are probably crucial for acetylation of chromatin substrates.";"";"";
2857;NuA4/Tip60 HAT complex;ING3 complex;Human;O96019,Q9H0E9,Q9HAF1,Q9NPF5,Q96L91,Q9H2F5,Q52LR7,Q92993,Q9NXR8,Q9UBU8,Q9Y265,Q9Y230,Q9Y4A5,O95619;86,10902,64769,55929,57634,80314,26122,10524,54556,10933,8607,10856,8295,8089;MI:0047- far western blotting;16387653;01.04,10.01.02,10.01.05.01,10.01.09.05,10.03.01,14.07.04,16.03.01,40.10.02,42.10.03,70.10;"The NuA4 histone acetyltransferase (HAT) multisubunit complex is responsible for acetylation of histone H4 and H2A N-terminal tails in yeast. The NuA4/Tip60 HAT complex is highly conserved in eukaryotes playing primary roles in transcription, cellular response to DNA damage, and cell cycle control. ING subunits are probably crucial for acetylation of chromatin substrates. ";"";"An actin component which was not exactly defined was also found.";
2918;Ku antigen-YY1-alphaMyHC promoter complex; Ku70-Ku80-YY1-alphaMyHC promoter complex;Human;P13010,P12956,P25490;7520,2547,7528;MI:0412- electrophoretic mobility supershift assay | MI:0006- anti bait coimmunoprecipitation;15367688;11.02.03.04.03,16.03.01,70.10;"Ku complex binds to the human alphaMyHC promoter and represses alphaMyHC expression. Ku70 and YY1 protein levels are increased in patients with heart failure. ";"Human heart failure";"";
3040;Multisynthetase complex; Aminoacyl tRNAsynthetase multienzyme complex;Human;P14868,O43324,P07814,P41252,Q13155,Q15046,Q9P2J5,P56192,P47897,P54136,Q12904;1615,9521,2058,3376,7965,3735,51520,4141,5859,5917,9255;MI:0028- cosedimentation in solution | MI:0226- ion exchange chromatography;16169847;12.10,70.03,70.10;"The characteristic "core" complex of aminoacyl tRNAsynthetase in higher eukaryotes is composed of nine synthetase activities. These are specific for arginine, aspartate, glutamate, glutamine, isoleucine, leucine, lysine, methionine, and proline. There are also three auxiliary proteins in the multisynthetase complex: p43, p38, and p18. These are involved in protein-protein interactions within the particle and with other protein synthesis factors.";"";"";
3055;Nop56p-associated pre-rRNA complex; Nop56p-associated pre-ribosomal ribonucleoprotein complex;Human;P62736,P63267,Q8TDN6,Q9NR30,Q08211,Q99848,P68104,P13639,P22087,Q9BVP2,Q92522,P16402,Q99879,P09651,P52272,Q00839,Q9NZI8,Q12905,Q12906,Q9Y383,Q9NX58,Q9BQG0,P55209,P19338,P55769,Q9Y2X3,O00567,Q14978,P06748,Q13610,Q9NW13,P27635,P62906,P62913,P30050,P26373,P40429,P50914,P61313,P18621,Q07020,Q02543,P84098,P46778,P35268,P62829,P62750,P83731,P61254,P61353,P46776,P46779,P47914,P39023,P62888,P62899,P62910,P42766,P18077,Q9Y3U8,P83881,P61513,P62891,P36578,P46777,Q02878,P18124,P62424,P62917,P32969,P05388,P05386,P05387,P62280,P25398,P62277,P62263,P62841,P62244,P62249,P08708,P62269,P15880,P62266,P62847,P62273,P61247,P62753,P62081,P62241,P46781,O76021,Q6P3W7,P05141,P37108,Q96SB4,Q13428,P11387,Q71U36,Q9H4B7,P49411,Q01081,P26368,P67809;59,72,55299,9188,1660,10969,1915,1938,2091,26354,8971,3007,8342,3178,4670,3192,10642,3608,3609,51631,55646,10514,4673,4691,4809,51602,10528,9221,4869,11137,55131,6134,4736,6135,6136,6137,23521,9045,6138,6139,6141,6142,6143,6144,6146,9349,6147,6152,6154,6155,6157,6158,6159,6122,6156,6160,6161,11224,6165,25873,6173,6168,6170,6124,6125,6128,6129,6130,6132,6133,6175,6176,6181,6205,6206,6207,6208,6209,6210,6217,6218,6222,6187,6228,6229,6235,6189,6194,6201,6202,6203,26156,55681,292,6727,6732,6949,7150,7846,81027,7284,7307,11338,4904;MI:0007- anti tag coimmunoprecipitation | MI:0069- mass spectrometry studies of complexes;12777385;12.01,70.10;"Identification of pre-rRNA species within hNop56p-associated pre-ribosomal ribonucleoprotein complexes, coupled with the known functions of yeast orthologs of the probable trans-acting factors identified in man, demonstrated that hNop56p functions in the early to middle stages of 60 S subunit synthesis.";"";"";
3063;Brg1-associated complex II;;Human;O96019,O14497,O14744,P51532,Q12824,Q92922,Q8TAQ2;86,8289,10419,6597,6598,6599,6601;MI:0007- anti tag coimmunoprecipitation | MI:0029- cosedimentation through density gradients;11238380;10.01.09.05,11.02.03.04,16.03.01,42.10.03,70.10;"";"";"In a following paper (PMID:14559996) p66 has been identified as PRMT5.";
3074;CCT:PFD complex, testis specific;;Mammalia;Q32L40,Q3ZBH0,Q3T0K2,Q2T9X2,Q3T115,Q3T084,Q2NKZ1,Q3ZCI9,O60925,Q9UHV9,Q9NQP4,Q99471,O15212,P61758;512043,505313,504735,613336,533784,538090,514355,281047,5201,5202,5203,5204,10471,7411;MI:0040- electron microscopy | MI:0028- cosedimentation in solution | MI:0226- ion exchange chromatography;12456645;14.01,16.01;"The biogenesis of the cytoskeletal proteins actin and tubulin involves interaction of nascent chains of each of the two proteins with the oligomeric protein prefoldin (PFD) and their subsequent transfer to the cytosolic chaperonin CCT (chaperonin containing TCP-1). Three-dimensional reconstruction of the CCT:PFD complex based on cryoelectron microscopy reveals that PFD binds to each of the two CCT rings. The gene product of Cct6b has only been detected in testis, whereas the other Cctz gene, Cctz-1, is expressed in all tissues investigated.";"";"";
3082;DGCR8 multiprotein complex;;Human;Q92841,P17844,Q8WYQ5,Q08211,P35637,P31943,O43390,Q00839,P11021,Q12906,P19338;10521,1655,54487,1660,2521,3187,10236,3192,3309,3609,4691;MI:0007- anti tag coimmunoprecipitation | MI:0416- fluorescence microscopy;17765891;11.04,70.10;"";"";"";
3102;DHX9-ADAR-vigilin-DNA-PK-Ku antigen complex;;Human;P55265,Q08211,Q00341,P78527,P13010,P12956;103,1660,3069,5591,7520,2547;MI:0007- anti tag coimmunoprecipitation;15723802;10.01.09.05,10.03.04.05,11.06.03.01,16.03.03,42.10.03,70.10;"Vigilin and DDP1 bind specifically to Inosine-containing RNAs.";"";"";
4081;Ku70/Ku86 complex; Ku complex;Human;P13010,P12956;7520,2547;MI:0019- coimmunoprecipitation;10783163;10.01.05.01,16.03.01,32.01.09,70.10;"Ku complex interacts with and stimulates the Werner protein.";"";"";
4082;Ku70/Ku86/Werner complex;;Human;Q14191,P13010,P12956;7486,7520,2547;MI:0019- coimmunoprecipitation;10783163;10.01.05.01,16.03.01,32.01.09,70.10;"Ku complex interacts with and stimulates the Werner protein. ";"Werner syndrome (=is the hallmark premature aging disorder in which affected humans appear older than their chronological age).";"";
4389;EIF3 core complex (EIF3A, EIF3B, EIF3G, EIF3I);;Human;Q14152,P55884,O75821,Q13347;8661,8662,8666,8668;MI:0096- pull down;14688252;12.04.01;"EIF3b appears to be a central scaffolding subunit.";"";"";
4392;EIF3 complex (EIF3A, EIF3B, EIF3G, EIF3I, EIF3C);;Human;Q14152,P55884,Q99613,O75821,Q13347;8661,8662,8663,8666,8668;MI:0096- pull down;14688252;12.04.01;"EIF3b appears to be a central scaffolding subunit. EIF3c is able to associate with the four-subunit eIF3 subcomplex, but does so only weakly under these expression and purification conditions.";"";"";
4395;EIF3 complex (EIF3B, EIF3G, EIF3I);;Human;P55884,O75821,Q13347;8662,8666,8668;MI:0096- pull down;14688252;12.04.01;"";"";"";
4403;EIF3 complex (EIF3A, EIF3B, EIF3G, EIF3I, EIF3J);;Human;Q14152,P55884,O75821,Q13347,O75822;8661,8662,8666,8668,8669;MI:0096- pull down;14688252;12.04.01;"EIF3b appears to be a central scaffolding subunit. The authors conclude that EIF3J promotes the stable association of EIF3 subcomplexes to the 40S ribosomal subunit.";"";"";
5176;MGC1-DNA-PKcs-Ku complex;;Human;Q14676,P78527,P13010,P12956;9656,5591,7520,2547;MI:0096- pull down | MI:0006- anti bait coimmunoprecipitation;15377652;10.01.05.01,10.03.01.03,32.01.09,70.10;"MDC1 directly interacts with the DNA-PKc-Ku complex and this interaction is required for efficient DNA-PK autophosphorylation and DNA damage repair.";"";"";
5179;NCOA6-DNA-PK-Ku-PARP1 complex;;Human;Q14686,P09874,P78527,P13010,P12956;23054,142,5591,7520,2547;MI:0096- pull down;12519782;10.01.05.01,70.10;"TRBP (NCOA6) stimulates DNA-PK kinase activity in the absence of DNA.";"";"";
5182;DNA-PK-Ku complex; DNA-PK-Ku70-Ku80 complex;Human;P78527,P13010,P12956;5591,7520,2547;MI:0412- electrophoretic mobility supershift assay;9442054;10.01.05.01,14.07.03,16.03.01,18.01.01,18.02.01.01,70.10;"For assembly of the DNA-PK-Ku70-Ku80 complex presence of DNA is necessary.";"";"";
5183;DNA-PK-Ku-eIF2-NF90-NF45 complex;;Human;P05198,P20042,P41091,Q12905,Q12906,P78527,P13010,P12956;1965,8894,1968,3608,3609,5591,7520,2547;MI:0412- electrophoretic mobility supershift assay | MI:0006- anti bait coimmunoprecipitation;9442054;10.01.05.01,14.07.03,16.03.01,18.01.01,18.02.01.01,70.10;"NF90, in complex with NF45, interacts with DNA-PKcs and Ku and promotes formation of a complex on DNA.";"";"";
5199;Kinase maturation complex 1;;Human;Q16543,P07900,P08238,P34932,Q13163,Q99759,Q7KZI7,Q9NUG6,Q9UHV9,Q6Q0C0,P31946,P62258,P61981,Q04917,P27348,P63104;11140,3320,3326,3308,5607,4215,2011,81572,5202,84231,7529,7531,7532,7533,10971,7534;MI:0676- tandem affinity purification;14743216;30.01.05.01;"";"";"";
5209;Ubiquilin-proteasome complex;;Human;P25786,P25787,P60900,Q05086,Q9UMX0,Q9UHD9;5682,5683,5687,7337,29979,29978;MI:0019- coimmunoprecipitation;10983987;14.13.01.01;"";"";"";
5229;RPA complex; replication complex;Human;P27694,P15927,P35244;6117,6118,6119;MI:0091- chromatography technologies | MI:0029- cosedimentation through density gradients;2833742;10.01.03,16.03.01;"RPA facilitates unwinding of dsDNA.";"";"";
5231;53BP1-containing complex; 53BP1-Ku70-Ku80-RPA1-RPA2 complex;Human;P27694,P15927,Q12888,P13010,P12956;6117,6118,7158,7520,2547;MI:0007- anti tag coimmunoprecipitation;15856006;10.01.05.01,16.03.01,32.01.09;"53BP1 is involved in DNA damage-induced RPA2 phosphorylation.";"";"";
5232;TNF-alpha/Nf-kappa B signaling complex (RPL6, RPL30, RPS13, CHUK, DDX3X, NFKB2, NFKBIB, REL, IKBKG, NFKB1, MAP3K8, RELB, GLG1, NFKBIA, RELA, TNIP2,  GTF2I);;Human;O15111,O00571,Q92896,P78347,Q9Y6K9,P41279,P19838,Q00653,P25963,Q15653,Q04864,Q04206,Q01201,P62888,Q02878,P62277,Q8NFZ5;1147,1654,2734,2969,8517,1326,4790,4791,4792,4793,5966,5970,5971,6156,6128,6207,79155;MI:0676- tandem affinity purification;14743216;30.01.05.01.04,40.02.03.01;"";"";"";
5235;WRN-Ku70-Ku80-PARP1 complex;;Human;P09874,Q14191,P13010,P12956;142,7486,7520,2547;MI:0007- anti tag coimmunoprecipitation | MI:0226- ion exchange chromatography | MI:0071- molecular sieving;14734561;16.03.01,32.01.09,70.10;"PARP1 regulates the exonucleolytic activity of WRN. ";"";"";
5239;CAP(C)-CAP(E) complex; SMC2-SMC4 complex;Human;O95347,Q9NTJ3;10592,10051;MI:0006- anti bait coimmunoprecipitation;9789013;10.03.01.01.11,10.03.04.03,70.10;"CAP(C)-CAP(E) complex is required for mitotic chromosome condensation.";"";"";
5251;Ku-ORC complex;;Human;Q13416,Q9UBD5,O43929,Q9Y5N6,P13010,P12956;4999,23595,5000,23594,7520,2547;MI:0006- anti bait coimmunoprecipitation | MI:0402- chromatin immunoprecipitation assays;15910003;10.01.03.03,16.03.01,16.19.03,70.10.03;"Ku associates specifically with DNA replication origins in vivo in a cell cycle dependent manner, its association being maximal in late G1 phase and decreasing as cells enter S phase (PMID:11694575). ";"";"";
5380;TRBP containing complex (DICER, RPL7A, EIF6, MOV10 and subunits of the 60S ribosomal particle);;Human;Q9UHA3,Q9UPY3,P56537,Q9HCE1,P62906,P62913,P30050,P26373,P50914,P61313,Q02543,P84098,P46778,P61353,P46779,P62888,P62910,P49207,P18077,Q9Y3U8,P61513,P18124,P62424,P05386,P05387;51187,23405,3692,4343,4736,6135,6136,6137,9045,6138,6142,6143,6144,6155,6158,6156,6161,6164,6165,25873,6168,6129,6130,6176,6181;MI:0071- molecular sieving | MI:0096- pull down;17507929;11.02.03.04.07,12.07,16.03.03;"In mass spectrometric sequencing analyses the authors showed that in addition to RISC subunits they obtained protein sequences corresponding to nearly all subunits of the large (60S) ribosomal particle. The ability of eIF6 to inhibit joining of the 60S and 40S subunits of the ribosome and, thus, to prevent formation of a translationally competent complex, raises the possibility that eIF6 may repress translation by blocking initiation or ribosome recycling.";"";"";
5432;Sororin-cohesin complex;;Human;Q96FF9,Q29RF7,Q9NTI5,O60216,Q14683,Q9UQE7;113130,23244,23047,5885,8243,9126;MI:0004- affinity chromatography technologies | MI:0007- anti tag coimmunoprecipitation;15837422;10.03.01.01,10.03.04.05,70.10;"Sororin interacts with the cohesin complex. It regulates the ability of the cohesin complex to mediate sister chromatid cohesion.";"";"";
5611;Emerin complex 24;;Human;Q9H503,Q07021,P50402,Q02539,P68431,Q00839,P02545,P20700,P49736,P33991,Q14566,Q13287,P06400,Q08999,Q9H0E3;140836,708,2010,3024,8350,3192,4000,4001,4171,4173,4175,9111,5925,5934,79595;MI:0004- affinity chromatography technologies | MI:0226- ion exchange chromatography | MI:0071- molecular sieving;17620012;10.01.03,11.04,70.10;"Complexes are named on the basis of their S300 elution fraction number. Subunits 9-15 were identified via LCMS/MS analysis. ";"Emerin is involved in Emery-Dreifuss muscular dystrophy (EDMD).";"";
5615;Emerin complex 52;;Human;P60709,Q9BZZ5,Q07021,P12277,O00148,P50402,P51858,Q02539,P61978,P14866,Q00839,Q12906,P46940,Q9Y2U8,P20700,O95777,Q13287,Q53EL6,Q08999,P62314,P10827,P62258,P27348;60,8539,708,1152,10212,2010,3068,3024,3190,3191,3192,3609,8826,23592,4001,51691,9111,27250,5934,6632,7067,7531,10971;MI:0004- affinity chromatography technologies | MI:0226- ion exchange chromatography | MI:0071- molecular sieving;17620012;11.04,30.01,70.10;"Complexes are named on the basis of their S300 elution fraction number. Subunits 8-23 were identified via LCMS/MS analysis. ";"Emerin is involved in Emery-Dreifuss muscular dystrophy (EDMD).";"";
5755;SUMO1-SUA1-UBA2 complex;;Human;Q9UBE0,P63165,Q9UBT2;10055,7341,10054;MI:0047- far western blotting;9920803;14.07.05,14.07.07;"Sua1p and hUba2p form a complex, and the complexed hUba2p binds SUMO-1.";"";"";
5756;SUA1-UBA2 complex;;Human;Q9UBE0,Q9UBT2;10055,10054;MI:0047- far western blotting;9920803;18.02;"";"";"";
